"unit","genotype","g_alias","treatment","timestamp","Digital biomass [mm³]","greenness average","greenness bin0","greenness bin1","greenness bin2","greenness bin3","greenness bin4","greenness bin5","Height [mm]","Height Max [mm]","hue average [°]","hue bin0","hue bin1","hue bin2","hue bin3","hue bin4","hue bin5","Leaf angle [°]","Leaf area [mm²]","Leaf area index [mm²/mm²]","Leaf area (projected) [mm²]","Leaf inclination [mm²/mm²]","Light penetration depth [mm]","NDVI average","NDVI bin0","NDVI bin1","NDVI bin2","NDVI bin3","NDVI bin4","NDVI bin5","NPCI average","NPCI bin0","NPCI bin1","NPCI bin2","NPCI bin3","NPCI bin4","NPCI bin5","PSRI average","PSRI bin0","PSRI bin1","PSRI bin2","PSRI bin3","PSRI bin4","PSRI bin5"
"70:1:1","Raddish","Raddish","Control",2022-02-02 15:38:37,175641,-0.05039,1e-05,0.00218,0.67524,0.32251,7e-05,0,12.932,46.262,20.5287,0.02209,0.77953,0.02322,0.0042,0.17096,0,44.274,13581.5,0.151,9479.86,1.43243,8.042,0.25894,0,0,0.04009,0.93444,0.02548,0,0.2893,0,0,0.01208,0.93305,0.05487,0,0.25483,0,0.00017,0.01191,0.9803,0.00763,0
"70:1:1","Raddish","Raddish","Control",2022-02-09 13:52:02,545824,0.11905,3e-05,0.00155,0.26046,0.73657,0.00139,0,42.379,56.679,65.205,0.01127,0.55861,0.35163,0.01645,0.06204,0,44.79,12879.6,0.143,9072.44,1.4194,39.845,0.5017,0,0,0.00941,0.44519,0.5454,0,0.22487,0,0.00031,0.07505,0.88394,0.04071,0,0.13629,0,0,0.07536,0.9195,0.00514,0
"70:1:1","Raddish","Raddish","Control",2022-02-16 11:50:55,1192950,0.26137,1e-05,6e-05,0.02169,0.97693,0.0013,0,87.538,92.753,109.907,0.00063,0.04975,0.94028,0.004,0.00533,0,52.844,13627.7,0.151,10855.4,1.2547,34.817,0.65291,0,0,0.0025,0.04836,0.94914,0,0.0775,1e-05,5e-05,0.15905,0.83841,0.00248,0,0.03042,0,0,0.15911,0.84073,0.00016,0
"70:1:1","Raddish","Raddish","Control",2022-02-23 13:47:02,1666690,0.25998,2e-05,0.00041,0.02092,0.97731,0.00134,0,98.492,100.917,108.518,0.00089,0.06524,0.92263,0.00559,0.00565,0,49.706,16922.1,0.188,12897.4,1.31105,45.609,0.66722,0,1e-05,0.00179,0.0431,0.9551,0,0.09005,7e-05,0.00017,0.14793,0.84277,0.00906,0,0.03154,3e-05,0.00019,0.14794,0.85146,0.00032,5e-05
"70:1:1","Raddish","Raddish","Control",2022-03-02 13:12:41,1938300,0.20765,0.00012,0.00028,0.03537,0.96345,0.00078,0,102.671,118.728,112.603,0.0017,0.0911,0.88573,0.00977,0.0117,0,47.094,18878.7,0.21,13808.6,1.36521,54.845,0.67087,0,0,0.00234,0.06346,0.9342,0,0.04289,7e-05,0.00037,0.36368,0.6326,0.00328,0,0.01853,0,0,0.36412,0.63566,0.00022,0
"70:1:1","Raddish","Raddish","Control",2022-03-09 09:19:32,2288950,0.2131,0,0,0.01341,0.98648,1e-04,0,108.755,126.131,117.565,0.00046,0.04224,0.94647,0.00697,0.00385,0,46.12,21046.7,0.234,15157.4,1.38734,33.699,0.68564,0,0,0.00145,0.03485,0.9637,0,0.02026,0,1e-05,0.47959,0.52014,0.00026,0,0.00767,2e-05,2e-05,0.47957,0.52036,4e-05,0
"71:1:1","Raddish","Raddish","Control",2022-02-02 15:57:07,193060,-0.04775,0,0.00116,0.68417,0.31464,3e-05,0,13.399,40.967,20.5179,0.01811,0.7946,0.02125,0.00612,0.15992,0,42.253,14408.2,0.16,9687.89,1.48717,8.031,0.24766,0,0,0.04983,0.92847,0.0217,0,0.28724,0,0,0.01722,0.92383,0.05895,0,0.25435,0,0,0.01722,0.97676,0.00602,0
"71:1:1","Raddish","Raddish","Control",2022-02-09 14:04:16,480873,0.07812,0,0.00089,0.35006,0.64891,0.00013,0,40.467,50.843,50.8202,0.01027,0.68027,0.24018,0.0064,0.06289,0,45.208,11883.2,0.132,8428.23,1.40908,37.064,0.41167,0,0,0.01456,0.63539,0.35005,0,0.26114,0,4e-05,0.02132,0.93806,0.04058,0,0.18498,0,3e-05,0.02133,0.97304,0.0056,0
"71:1:1","Raddish","Raddish","Control",2022-02-16 11:58:11,1314230,0.28347,1e-05,6e-05,0.0163,0.97299,0.01064,0,80.931,87.941,108.018,0.00073,0.05599,0.93603,0.00299,0.00425,0,53.347,16238.9,0.18,13024.3,1.24645,31.451,0.65979,0,0,0.00107,0.04241,0.95653,0,0.09454,0,2e-05,0.0654,0.93093,0.00366,0,0.03508,0,0,0.06541,0.93427,0.00032,0
"71:1:1","Raddish","Raddish","Control",2022-02-23 13:54:40,2129720,0.31234,0,3e-05,0.00723,0.99164,0.0011,0,96.712,104.167,105.422,0.00034,0.03037,0.96575,0.00188,0.00166,0,53.106,22021.1,0.245,17579.4,1.25037,32.21,0.65561,0,0,0.00088,0.02573,0.9734,0,0.13442,0,3e-05,0.02655,0.97175,0.00167,0,0.04698,0,0,0.02658,0.97328,0.00014,0
"71:1:1","Raddish","Raddish","Control",2022-03-02 13:07:51,3009410,0.31175,0,0.00011,0.00396,0.99311,0.00282,0,116.868,124.806,107.979,0.00015,0.01664,0.98123,0.00091,0.00107,0,49.845,25750.5,0.286,19676.9,1.30836,30.27,0.69711,0,0,9e-05,0.01739,0.98252,0,0.11141,0,0,0.05947,0.93934,0.00118,0,0.03398,0,0,0.05947,0.94051,1e-05,0
"72:1:1","Raddish","Raddish","Control",2022-02-02 15:59:31,198713,-0.04471,1e-05,0.00175,0.66825,0.32999,0,0,13.928,24.813,20.8907,0.01996,0.77611,0.02519,0.00576,0.17298,0,41.023,14267.4,0.159,9363.99,1.52349,10.729,0.24483,0,0,0.04858,0.92731,0.02411,0,0.27404,0,0,0.01662,0.93518,0.0482,0,0.24748,0,0,0.01662,0.97736,0.00602,0
"72:1:1","Raddish","Raddish","Control",2022-02-09 13:58:21,422997,0.10077,3e-05,0.00117,0.3414,0.65669,0.00071,0,33.603,37.115,55.526,0.01022,0.60796,0.3102,0.00702,0.06459,0,45.604,12588,0.14,8990.47,1.39952,30.647,0.43522,0,0,0.01567,0.56125,0.42308,0,0.25298,0,1e-05,0.02512,0.93704,0.03783,0,0.17439,0,0,0.02513,0.96796,0.00691,0
"72:1:1","Raddish","Raddish","Control",2022-02-16 12:00:08,983889,0.25437,1e-05,9e-05,0.05271,0.94675,0.00044,0,60.427,63.184,105.13,0.00128,0.11915,0.86114,0.00808,0.01036,0,50.813,16282.2,0.181,12590.5,1.29015,40.741,0.64358,0,0,0.00164,0.09081,0.90755,0,0.09763,3e-05,1e-04,0.08671,0.90911,0.00406,0,0.04443,0,2e-05,0.08681,0.91309,8e-05,0
"72:1:1","Raddish","Raddish","Control",2022-02-23 13:50:04,1212350,0.27324,0,0.00077,0.02816,0.9708,0.00027,0,69.012,72.57,105.423,0.00068,0.07445,0.91266,0.00593,0.00629,0,47.687,17567.3,0.195,12972.8,1.35228,27.462,0.66057,0,0,0.0026,0.05291,0.94449,0,0.11034,2e-05,6e-05,0.06345,0.93237,0.0041,0,0.04178,0,0,0.06353,0.93628,2e-04,0
"73:1:1","Raddish","Raddish","Control",2022-02-02 15:39:33,142945,-0.04984,1e-05,0.00241,0.6801,0.3156,0.00188,0,10.905,41.774,19.8218,0.02257,0.75419,0.02788,0.00517,0.1902,0,44.106,13107.8,0.146,9116.63,1.43678,6.391,0.25619,0,0,0.04416,0.92794,0.0279,0,0.27944,0,0,0.01595,0.93379,0.05026,0,0.24819,0,0,0.01595,0.97601,0.00804,0
"73:1:1","Raddish","Raddish","Control",2022-02-09 13:52:25,600930,0.1064,0,0.00062,0.34066,0.65259,0.00613,0,49.689,54.957,55.6656,0.01076,0.59386,0.32097,0.00646,0.06795,0,46.41,12093.8,0.134,8761.28,1.38062,46.459,0.44354,0,0,0.01245,0.56437,0.42318,0,0.25213,4e-05,0.00013,0.02629,0.93399,0.03954,0,0.17173,0,0,0.02647,0.96723,0.0063,0
"73:1:1","Raddish","Raddish","Control",2022-02-16 11:52:31,1365810,0.26366,3e-05,0.00024,0.03056,0.96561,0.00356,0,83.07,85.883,109.074,0.00146,0.08255,0.898,0.00858,0.00941,0,52.04,16441.7,0.183,12946.6,1.26831,48.75,0.66931,0,0,0.00236,0.05189,0.94576,0,0.07648,2e-05,0.00031,0.13958,0.85625,0.00383,0,0.02934,0,0,0.13992,0.85983,0.00025,0
"73:1:1","Raddish","Raddish","Control",2022-02-23 13:44:59,1860430,0.30915,0,2e-04,0.00941,0.98868,0.00171,0,94.166,99.416,106.454,0.00037,0.03,0.96554,0.00227,0.00182,0,52.929,19756.8,0.22,15725.9,1.2533,23.983,0.67722,0,0,0.00146,0.02431,0.97422,0,0.12419,0,1e-04,0.04493,0.95088,0.00408,0,0.04019,0,0,0.04503,0.95495,2e-05,0
"73:1:1","Raddish","Raddish","Control",2022-03-02 13:14:22,2462890,0.29675,3e-05,0.00152,0.0169,0.97749,0.00406,0,109.111,114.34,107.909,0.00069,0.04416,0.94803,0.00275,0.00436,0,47.462,22572.4,0.251,16616.4,1.35713,42.698,0.69749,0,0,0.00126,0.03002,0.96872,0,0.11089,0,6e-05,0.12656,0.8675,0.00587,0,0.03335,0,0,0.12662,0.87336,2e-05,0
"74:1:1","Raddish","Raddish","Control",2022-02-02 15:56:16,149801,-0.04761,5e-05,0.00317,0.67512,0.32163,3e-05,0,11.381,39.336,21.8548,0.02026,0.80182,0.03033,0.0053,0.14229,0,43.286,13162.8,0.146,9025.06,1.45845,7.037,0.2769,0,0,0.02692,0.94104,0.03204,0,0.3203,0,0,0.01243,0.90654,0.08103,0,0.26591,0,0,0.01243,0.97888,0.00869,0
"74:1:1","Raddish","Raddish","Control",2022-02-09 13:57:58,572603,0.10271,7e-05,0.0014,0.36071,0.63724,0.00059,0,52.218,56.862,55.1646,0.011,0.56068,0.35503,0.00621,0.06708,0,47.795,10965.5,0.122,8121.17,1.34996,48.597,0.43012,0,0,0.01517,0.58322,0.40161,0,0.26484,0,0,0.01431,0.93798,0.04771,0,0.18036,0,1e-05,0.0143,0.98038,0.0053,0
"74:1:1","Raddish","Raddish","Control",2022-02-16 12:03:15,1172700,0.29016,0,0.00011,0.03189,0.96758,0.00042,0,66.334,75.85,101.713,0.00184,0.08616,0.89632,0.00521,0.01047,0,53.106,17678.7,0.196,14122.6,1.25038,40.966,0.62678,0,0,0.00289,0.05592,0.94119,0,0.14313,0,1e-04,0.02857,0.96893,0.00239,0,0.05759,0,0,0.02868,0.97127,6e-05,0
"74:1:1","Raddish","Raddish","Control",2022-02-23 13:53:48,2442410,0.30324,0,0.00215,0.01107,0.98658,2e-04,0,87.155,98.042,104.965,0.00048,0.04009,0.95364,0.00274,0.00305,0,48.692,28023.7,0.311,20994.3,1.33122,42.229,0.65433,0,0,0.00074,0.03905,0.96022,0,0.13078,0,1e-05,0.01818,0.97508,0.00673,0,0.0474,0,2e-05,0.01817,0.9818,1e-05,0
"74:1:1","Raddish","Raddish","Control",2022-03-02 13:09:59,3609760,0.32913,0,0,0.00227,0.99192,0.00581,0,109.202,122.088,104.761,8e-05,0.01999,0.97857,0.00075,0.00061,0,46.392,33055.7,0.367,23918,1.38105,38.455,0.68171,0,0,0.00036,0.02437,0.97527,0,0.14808,0,0,0.01287,0.98687,0.00025,0,0.04677,0,0,0.01287,0.9869,0.00016,7e-05
"74:1:1","Raddish","Raddish","Control",2022-03-09 09:16:36,4587370,0.31527,0,0.00017,0.00263,0.99606,0.00115,0,119.517,130.992,106.836,5e-05,0.02333,0.97514,0.00082,0.00066,0,45.262,38382.8,0.426,27261.6,1.40775,46.432,0.69233,0,0,0,0.02887,0.97113,0,0.11883,0,0,0.0314,0.96756,0.00105,0,0.03771,0,0,0.0314,0.9686,0,0
"75:1:1","Raddish","Raddish","Control",2022-02-02 15:58:47,187803,-0.04659,3e-05,0.00281,0.66801,0.32904,1e-04,0,13.887,36.726,20.7526,0.022,0.75935,0.03232,0.00442,0.18191,0,41.196,13524,0.15,8902.87,1.51824,9.128,0.25339,0,0,0.04727,0.92138,0.03135,0,0.27708,0,0,0.0153,0.93372,0.05098,0,0.24704,0,0,0.0153,0.97818,0.00652,0
"75:1:1","Raddish","Raddish","Control",2022-02-09 13:57:32,620785,0.12867,1e-05,0.00101,0.24827,0.75014,0.00057,0,52.911,57.971,66.7983,0.00931,0.53764,0.3901,0.0077,0.05526,0,47.921,11732.7,0.13,8697.55,1.34727,49.41,0.4901,0,0,0.009,0.46294,0.52806,0,0.21825,0,6e-05,0.04308,0.92919,0.02767,0,0.13615,0,0,0.04315,0.9531,0.00376,0
"75:1:1","Raddish","Raddish","Control",2022-02-16 12:01:33,1323560,0.24205,0,0.00242,0.04583,0.95132,0.00044,0,70.277,75.661,103.801,0.00187,0.13772,0.8435,0.00572,0.01119,0,51.771,18833.5,0.209,14753.4,1.27299,57.721,0.63389,0,0,0.00214,0.09327,0.9046,0,0.10027,0,0,0.0882,0.9048,0.007,0,0.04547,0,0,0.0882,0.91109,0.00071,0
"76:1:1","Raddish","Raddish","Control",2022-02-02 15:41:27,199840,-0.04582,1e-05,0.00179,0.67414,0.32327,0.00079,0,14.423,39.381,20.8589,0.02033,0.77658,0.03064,0.00466,0.16778,0,42.197,13855.3,0.154,9311.49,1.48876,8.808,0.25691,0,0,0.04479,0.92253,0.03268,0,0.2843,0,1e-05,0.01336,0.92568,0.06095,0,0.25187,0,0.00014,0.01323,0.97955,0.00708,0
"76:1:1","Raddish","Raddish","Control",2022-02-09 13:51:37,497435,0.11153,0,0.00025,0.3408,0.65851,0.00044,0,42.43,45.849,58.7244,0.0079,0.56182,0.3742,0.0031,0.05298,0,47.292,11723.7,0.13,8598.62,1.36086,37.208,0.45276,0,0,0.01303,0.54302,0.44395,0,0.23932,0,0,0.01762,0.94228,0.04011,0,0.16744,0,0,0.01762,0.97771,0.00467,0
"76:1:1","Raddish","Raddish","Control",2022-02-16 11:51:30,1076190,0.19557,1e-05,0.00021,0.06381,0.93539,0.00059,0,82.508,87.088,110.595,0.00265,0.16937,0.80457,0.00865,0.01477,0,47.102,13043.4,0.145,9540.49,1.36504,71.427,0.66297,0,0,0.00225,0.09998,0.89778,0,0.04876,2e-05,6e-05,0.45841,0.53578,0.00573,0,0.0282,0,2e-05,0.45847,0.54031,0.0012,0
"77:1:1","Raddish","Raddish","Control",2022-02-02 15:55:27,171993,-0.04212,0,0.00148,0.6711,0.32743,0,0,12.599,32.455,21.2178,0.01709,0.78087,0.03142,0.00476,0.16587,0,41.325,13651.1,0.152,9015,1.51435,9.361,0.24101,0,0,0.05117,0.91755,0.03128,0,0.27405,0,0,0.01479,0.93894,0.04627,0,0.24996,0,0,0.01479,0.97809,0.00712,0
"77:1:1","Raddish","Raddish","Control",2022-02-09 14:02:09,507097,0.11416,1e-05,0.00081,0.29283,0.70572,0.00064,0,49.72,52.193,62.1233,0.00765,0.56109,0.37492,0.00493,0.05141,0,47.748,10199.1,0.113,7542.69,1.35097,46.873,0.43573,0,0,0.01696,0.5466,0.43643,0,0.23406,0,8e-05,0.02585,0.93346,0.0406,0,0.16995,0,0,0.02593,0.96368,0.01039,0
"77:1:1","Raddish","Raddish","Control",2022-02-16 12:04:06,1662910,0.2835,0,0.00011,0.01874,0.97823,0.00292,0,93.763,99.715,107.756,0.00084,0.06692,0.92441,0.00306,0.00477,0,53.398,17735.2,0.197,14226,1.24562,39.078,0.66033,0,0,0.0014,0.04575,0.95285,0,0.09423,0,3e-05,0.05773,0.93896,0.00327,0,0.03488,0,0,0.05777,0.94218,5e-05,0
"77:1:1","Raddish","Raddish","Control",2022-02-23 13:50:27,1748620,0.27976,1e-05,0.00118,0.01677,0.98182,0.00022,0,88.168,97.45,105.086,0.00046,0.05926,0.93472,0.00238,0.00319,0,49.684,19832.8,0.22,15075.8,1.31148,20.568,0.6478,0,0,0.00038,0.0409,0.95873,0,0.12389,1e-05,2e-05,0.05276,0.93785,0.00937,0,0.04569,0,0,0.05278,0.94712,1e-04,0
"77:1:1","Raddish","Raddish","Control",2022-03-02 13:09:09,3951550,0.27979,0,0.00037,0.00606,0.99174,0.00184,0,127.787,139.007,110.538,0.00016,0.01993,0.97747,0.00118,0.00125,0,49.636,30923.1,0.344,23562.4,1.3124,38.456,0.68637,0,0,2e-05,0.01787,0.98212,0,0.07876,0,1e-05,0.11861,0.87787,0.00351,0,0.0242,0,0,0.11863,0.88137,0,0
"78:1:1","Raddish","Raddish","Control",2022-02-02 16:02:34,139468,-0.04734,5e-05,0.00314,0.66464,0.33215,1e-05,0,10.871,29.126,20.8245,0.02128,0.77048,0.0256,0.00577,0.17687,0,41.198,12829.1,0.143,8444.24,1.51817,8.386,0.25384,0,0,0.04994,0.9234,0.02665,0,0.28176,0,0,0.01631,0.92867,0.05502,0,0.24992,0,0,0.01631,0.97606,0.00763,0
"78:1:1","Raddish","Raddish","Control",2022-02-09 14:03:48,449272,0.12978,5e-05,0.00176,0.23866,0.75791,0.00162,0,42.325,46.659,70.3203,0.01066,0.5086,0.40028,0.01836,0.06211,0,46.126,10614.7,0.118,7645.25,1.3872,40.195,0.51149,0,0,0.01084,0.39983,0.58933,0,0.19692,3e-05,0.00044,0.08344,0.88525,0.03085,0,0.12182,0,0,0.0839,0.91138,0.00471,0
"78:1:1","Raddish","Raddish","Control",2022-02-16 12:04:30,1203260,0.25213,0,0.00114,0.02812,0.9705,0.00024,0,77.008,89.448,106.893,0.00092,0.08922,0.89713,0.00546,0.00728,0,51.211,15625.1,0.174,12157.8,1.28292,32.453,0.6381,0,0,0.00336,0.06545,0.93119,0,0.08586,0,4e-05,0.08554,0.90658,0.00784,0,0.03711,0,0,0.08558,0.9141,0.00032,0
"78:1:1","Raddish","Raddish","Control",2022-02-23 13:55:05,1265600,0.24364,0,0.00153,0.03923,0.95919,4e-05,0,79.695,91.909,103.163,0.00104,0.11651,0.8677,0.00534,0.0094,0,48.921,15880.5,0.176,11958.3,1.32658,68.022,0.61889,0,0,0.00261,0.09109,0.9063,0,0.11323,0,1e-05,0.0808,0.90816,0.01103,0,0.05086,0,9e-05,0.08072,0.91876,0.00043,0
"78:1:1","Raddish","Raddish","Control",2022-03-02 13:09:34,2139700,0.24818,0,0.00124,0.01749,0.98119,9e-05,0,98.287,111.993,108.973,0.00068,0.04563,0.94604,0.00391,0.00375,0,47.705,21769.8,0.242,16077.2,1.35188,34.099,0.66246,0,0,0.00174,0.04082,0.95744,0,0.07482,0,0,0.10909,0.88254,0.00836,0,0.0291,0,0,0.1091,0.8908,1e-04,0
"78:1:1","Raddish","Raddish","Control",2022-03-09 09:14:31,3119240,0.2546,2e-05,3e-05,0.00379,0.99594,0.00022,0,118.3,129.723,112.656,0.00011,0.01855,0.97755,0.00279,0.001,0,48.648,26367.1,0.293,19774.8,1.33212,35.01,0.68163,0,0,2e-04,0.02106,0.97874,0,0.05104,0,1e-05,0.19268,0.80696,0.00035,0,0.01764,0,0,0.19269,0.8073,1e-05,0
"79:1:1","Raddish","Raddish","Control",2022-02-02 15:42:16,193508,-0.04842,1e-05,0.0023,0.67633,0.32127,9e-05,0,13.689,42.77,20.3683,0.02116,0.7756,0.02532,0.00289,0.17503,0,43.06,14135.6,0.157,9654.82,1.4646,7.797,0.25244,0,0,0.04273,0.9295,0.02776,0,0.27948,0,0,0.01084,0.9443,0.04486,0,0.25149,0,0,0.01084,0.98274,0.00642,0
"79:1:1","Raddish","Raddish","Control",2022-02-09 13:54:32,550571,0.14035,0,0.00078,0.23358,0.76296,0.00269,0,48.725,52.484,71.4469,0.01018,0.50228,0.41733,0.01065,0.05956,0,46.602,11299.5,0.126,8213.86,1.37624,43.536,0.51358,0,0,0.01065,0.41121,0.57813,0,0.19823,0,0.00026,0.07558,0.8928,0.03137,0,0.12353,0,0,0.07583,0.91939,0.00478,0
"79:1:1","Raddish","Raddish","Control",2022-02-16 11:53:52,1367630,0.24338,0,0.00014,0.0362,0.963,0.00066,0,79.521,89.827,107.477,0.00176,0.1262,0.85581,0.00529,0.01093,0,52.15,17198.2,0.191,13579.2,1.26642,58.092,0.65527,0,0,0.00206,0.07817,0.91978,0,0.07761,1e-05,1e-04,0.16828,0.82397,0.00763,0,0.03377,0,0,0.1684,0.83073,0.00087,0
"79:1:1","Raddish","Raddish","Control",2022-02-23 13:45:24,1595630,0.25977,1e-05,0.00064,0.01948,0.97918,0.00068,0,86.234,90.034,108.07,0.00101,0.06502,0.92414,0.00455,0.00528,0,51.182,18503.4,0.206,14363.8,1.28345,32.891,0.67014,0,0,0.00048,0.04588,0.95364,0,0.0861,2e-05,0.00012,0.11968,0.87449,0.00569,0,0.03199,0,0,0.11982,0.87964,0.00055,0
"79:1:1","Raddish","Raddish","Control",2022-03-02 13:15:15,2590940,0.22888,1e-05,6e-04,0.01825,0.98097,0.00018,0,104.62,111.242,113.87,0.00053,0.03989,0.95012,0.0052,0.00426,0,50.861,24765.3,0.275,19165.5,1.28927,37.845,0.68751,0,0,0.00049,0.03256,0.96695,0,0.04214,1e-05,1e-04,0.31119,0.6819,0.00681,0,0.01481,0,1e-05,0.31129,0.68868,3e-05,0
"79:1:1","Raddish","Raddish","Control",2022-03-09 09:17:00,2570180,0.20496,0,0.00058,0.01218,0.98724,1e-05,0,100.78,111.729,118.254,0.00034,0.03616,0.95676,0.00388,0.00285,0,50.876,25502.9,0.283,19756.7,1.28899,28.634,0.69953,0,0,0.00015,0.0218,0.97805,0,0.0131,0,1e-05,0.5001,0.49649,0.0034,0,0.00499,0,0,0.50011,0.49987,2e-05,0
"80:1:1","Raddish","Raddish","Control",2022-02-02 15:54:37,185836,-0.03369,1e-05,0.00199,0.64706,0.35087,7e-05,0,13.874,37.413,22.9374,0.01945,0.7601,0.05329,0.00524,0.16192,0,42.557,13394.7,0.149,9058.47,1.47856,9.856,0.26754,0,0,0.042,0.90292,0.05507,0,0.28845,0,0,0.01535,0.92466,0.05999,0,0.24739,0,0,0.01535,0.97748,0.00717,0
"80:1:1","Raddish","Raddish","Control",2022-02-09 13:59:10,638326,0.16461,0,0.00063,0.19356,0.80509,0.00071,0,56.168,63.247,78.9247,0.00778,0.41694,0.52417,0.00745,0.04366,0,48.987,11364.6,0.126,8563.04,1.32526,52.385,0.52182,0,0,0.00947,0.38386,0.60667,0,0.18695,2e-05,4e-05,0.06603,0.90806,0.02584,0,0.11535,0,0,0.06609,0.93077,0.00313,0
"80:1:1","Raddish","Raddish","Control",2022-02-16 12:02:24,892904,0.21709,3e-05,0.00266,0.07487,0.92111,0.00134,0,62.72,68.231,99.5294,0.00382,0.2083,0.7504,0.01496,0.02253,0,48.237,14236.4,0.158,10599.6,1.34063,57.61,0.61285,0,0,0.00392,0.13071,0.86536,0,0.11582,1e-05,9e-05,0.10688,0.88034,0.01268,0,0.05193,0,0,0.10697,0.89242,0.00061,0
"80:1:1","Raddish","Raddish","Control",2022-02-23 13:51:19,1110460,0.25335,2e-05,0.00154,0.02555,0.97153,0.00136,0,71.491,76.546,105.799,0.00116,0.1025,0.88382,0.0059,0.00662,0,47.36,15533,0.173,11398.2,1.35935,32.28,0.65292,0,0,0.00141,0.0598,0.9388,0,0.09928,0,9e-05,0.09724,0.89404,0.00862,0,0.03796,0,0,0.09733,0.90258,8e-05,0
"80:1:1","Raddish","Raddish","Control",2022-03-02 13:10:55,1771840,0.259,2e-05,0.00162,0.01393,0.98424,0.00019,0,86.15,91.819,111.618,0.00041,0.03983,0.95156,0.00489,0.00331,0,50.711,20566.9,0.229,15905.5,1.29204,19.155,0.69372,0,0,0.00044,0.02598,0.97358,0,0.06091,0,1e-05,0.19584,0.79774,0.00641,0,0.02043,0,0,0.19585,0.80415,0,0
"80:1:1","Raddish","Raddish","Control",2022-03-09 09:14:57,2693120,0.26903,0,0.00062,0.00664,0.99222,0.00052,0,106.472,112.665,114.037,0.00013,0.01761,0.97608,0.00463,0.00155,0,49.584,25294.3,0.281,19225,1.31341,37.027,0.71142,0,0,2e-04,0.01835,0.98145,0,0.04812,0,1e-05,0.25725,0.74084,0.00189,0,0.01477,0,0,0.25727,0.74273,0,0
"81:1:1","Raddish","Raddish","Control",2022-02-02 15:57:57,202572,-0.03268,0,0.00193,0.66286,0.33423,0.00098,0,14.396,43.742,23.4778,0.01689,0.79287,0.05111,0.0037,0.13543,0,41.358,14071.5,0.156,9297.65,1.51335,10.712,0.26986,0,0,0.03487,0.91158,0.05355,0,0.30303,0,0,0.01062,0.92888,0.0605,0,0.25955,0,0,0.01062,0.98258,0.0068,0
"81:1:1","Raddish","Raddish","Control",2022-02-09 14:02:59,660227,0.13784,0.00012,0.00104,0.28972,0.70689,0.00223,0,57.02,59.58,66.1532,0.00659,0.51178,0.43318,0.00415,0.0443,0,47.6,11578.9,0.129,8549.31,1.35415,53.928,0.47734,0,0,0.01469,0.5064,0.47891,0,0.23403,0,0,0.0324,0.92211,0.04549,0,0.15708,0,2e-05,0.03237,0.9631,0.0045,0
"81:1:1","Raddish","Raddish","Control",2022-02-16 12:01:06,1305140,0.25624,3e-05,0.00117,0.04252,0.95568,6e-04,0,81.403,89.005,109.556,0.002,0.09325,0.8832,0.00846,0.0131,0,48.929,16033,0.178,12042.7,1.32643,44.997,0.67784,0,0,0.00274,0.06964,0.92762,0,0.07346,2e-05,8e-05,0.26078,0.73275,0.00637,0,0.03073,0,8e-05,0.2608,0.73905,6e-05,0
"81:1:1","Raddish","Raddish","Control",2022-02-23 13:51:43,1154030,0.18351,1e-05,0.00341,0.09638,0.90006,0.00015,0,87.259,89.728,99.2803,0.00344,0.24622,0.71593,0.0081,0.02631,0,44.118,13225.3,0.147,9186.87,1.43647,81.27,0.60355,0,0,0.00343,0.20661,0.78996,0,0.10415,0,5e-05,0.25278,0.73107,0.0161,0,0.0583,0,1e-05,0.25282,0.74602,0.00115,0
"82:1:1","Raddish","Raddish","Control",2022-02-02 15:46:06,184569,-0.03733,0,0.00178,0.65695,0.34088,0.00039,0,13.121,39.431,22.0254,0.01994,0.76183,0.04291,0.00558,0.16975,0,42.503,14066.3,0.156,9505.8,1.48005,8.209,0.25463,0,0,0.04715,0.90786,0.04499,0,0.27877,0,0,0.01537,0.93884,0.04579,0,0.2478,0,3e-05,0.01534,0.97768,0.00695,0
"82:1:1","Raddish","Raddish","Control",2022-02-09 13:55:20,521045,0.16437,0,0.00054,0.21433,0.78424,0.00089,0,46.345,52.208,73.9521,0.00695,0.45982,0.4767,0.01081,0.04572,0,47.215,11242.6,0.125,8242,1.36254,41.85,0.5205,0,0,0.01326,0.38135,0.60539,0,0.20966,0,6e-05,0.041,0.93306,0.02588,0,0.12397,0,0,0.04106,0.95586,0.00308,0
"82:1:1","Raddish","Raddish","Control",2022-02-16 11:56:23,849502,0.20097,0,0.00037,0.0781,0.92113,4e-04,0,63.686,69.445,99.107,0.00253,0.25049,0.72056,0.00712,0.01929,0,46.551,13338.9,0.148,9679.21,1.3774,57.552,0.61249,0,0,0.00475,0.1584,0.83685,0,0.10618,0,2e-05,0.16767,0.81728,0.01502,0,0.05405,0,0,0.16769,0.83196,0.00035,0
"83:1:1","Raddish","Raddish","Control",2022-02-02 15:53:41,217613,-0.04639,0,0.00203,0.68209,0.31571,0.00017,0,15.099,26.242,21.3857,0.01862,0.79991,0.02867,0.0053,0.14749,0,42.614,14412.6,0.16,9761.27,1.47693,9.278,0.26389,0,0,0.03075,0.9403,0.02895,0,0.30351,0,0,0.01352,0.92673,0.05976,0,0.26204,0,2e-05,0.0135,0.97875,0.00773,0
"83:1:1","Raddish","Raddish","Control",2022-02-09 14:02:33,502312,0.07381,0,0.00105,0.37938,0.61947,1e-04,0,40.371,48.85,50.3112,0.0117,0.66354,0.25725,0.00642,0.06109,0,45.37,12442.3,0.138,8844.62,1.40513,35.304,0.42584,0,0,0.01133,0.65037,0.3383,0,0.26121,0,4e-05,0.0328,0.9163,0.05087,0,0.18817,0,1e-05,0.03283,0.95796,0.0092,0
"83:1:1","Raddish","Raddish","Control",2022-02-16 12:01:58,1038710,0.19426,6e-05,0.001,0.09871,0.89979,0.00044,0,80.222,99.202,98.4179,0.00398,0.26885,0.69606,0.01068,0.02043,0,46.975,12947.9,0.144,9463.56,1.36785,73.701,0.62719,0,0,0.00347,0.16454,0.83199,0,0.10552,4e-05,0.00016,0.21095,0.77647,0.01237,0,0.05745,0,2e-04,0.21096,0.78738,0.00147,0
"83:1:1","Raddish","Raddish","Control",2022-02-23 13:50:55,1219120,0.1864,2e-05,0.00439,0.12411,0.87133,0.00015,0,89.605,109.61,88.3699,0.00503,0.32884,0.62658,0.00679,0.03276,0,43.074,13605.5,0.151,9278.95,1.46421,82.154,0.57466,0,0,0.00508,0.28672,0.7082,0,0.14909,0,1e-05,0.07427,0.90706,0.01865,0,0.08693,0,5e-05,0.07424,0.92323,0.00248,0
"83:1:1","Raddish","Raddish","Control",2022-03-02 13:08:44,1676760,0.26317,0,0.00044,0.03293,0.96598,0.00065,0,100.581,118.632,107.55,0.0011,0.0833,0.89741,0.00643,0.01176,0,45.953,16670.8,0.185,11975.5,1.39124,32.893,0.67883,0,0,0.00268,0.07497,0.92234,0,0.07989,0,1e-05,0.12316,0.87481,0.00202,0,0.03209,0,0,0.12317,0.87675,8e-05,0
"83:1:1","Raddish","Raddish","Control",2022-03-09 09:11:57,2051110,0.24699,0,0.00737,0.0256,0.96684,0.00019,0,105.798,125.109,110.921,0.00089,0.05709,0.92898,0.00512,0.00792,0,45.984,19387,0.215,13924.1,1.39051,27.373,0.70044,0,0,0.0025,0.05261,0.94489,0,0.06201,3e-05,2e-05,0.21625,0.7708,0.01291,0,0.02304,0,0,0.2163,0.78366,4e-05,0
"84:1:1","Raddish","Raddish","Control",2022-02-02 16:07:53,183417,-0.04247,2e-05,0.00218,0.66209,0.3357,1e-05,0,13.287,31.315,20.9402,0.01959,0.74711,0.03977,0.00693,0.18661,0,41.415,13804.3,0.153,9136.19,1.51166,9.284,0.24121,0,0,0.0589,0.90346,0.03765,0,0.26245,0,0,0.0193,0.93746,0.04323,0,0.2413,0,0.00013,0.01917,0.97448,0.00622,0
"84:1:1","Raddish","Raddish","Control",2022-02-09 13:59:35,405093,0.08954,0,0.00146,0.33619,0.6619,0.00045,0,38.684,45.474,53.8333,0.01144,0.62975,0.28244,0.00411,0.07226,0,45.754,10471.8,0.116,7499.81,1.39594,36.057,0.43035,0,0,0.01795,0.61405,0.368,0,0.25439,0,1e-05,0.02434,0.93101,0.04463,0,0.17798,0,0,0.02435,0.96821,0.00744,0
"84:1:1","Raddish","Raddish","Control",2022-02-16 11:59:43,1228850,0.26704,0,0.00013,0.04865,0.94914,0.00208,0,79.75,82.608,104.119,0.00205,0.13228,0.84685,0.00739,0.01143,0,50.202,15408.8,0.171,11840.2,1.30155,62.667,0.66699,0,0,0.00125,0.08286,0.91589,0,0.10918,5e-05,0.00021,0.08773,0.9051,0.00691,0,0.04387,0,9e-05,0.0879,0.91151,5e-04,0
"84:1:1","Raddish","Raddish","Control",2022-02-23 13:49:40,1785370,0.30337,0,0.00084,0.02493,0.97218,0.00205,0,90.043,97.706,100.873,0.00074,0.09946,0.89242,0.00174,0.00565,0,49.456,19827.9,0.22,15040.6,1.31592,32.388,0.65579,0,0,0.00123,0.0658,0.93297,0,0.16414,0,0,0.01502,0.97021,0.01476,0,0.05938,0,0,0.01502,0.98479,0.00019,0
"85:1:1","Raddish","Raddish","Control",2022-02-02 15:43:10,164640,-0.04214,0,0.00165,0.65888,0.33938,9e-05,0,12.38,40.978,20.8961,0.01991,0.75868,0.03303,0.00765,0.18073,0,41.508,13299,0.148,8814.58,1.50887,7.388,0.24097,0,0,0.05644,0.91185,0.03171,0,0.26505,0,1e-05,0.01991,0.93803,0.04206,0,0.24435,0,0,0.01992,0.97304,0.00705,0
"85:1:1","Raddish","Raddish","Control",2022-02-09 13:55:45,458481,0.12767,6e-05,0.00094,0.24416,0.75398,0.00085,0,42.018,48.672,65.0538,0.00943,0.57706,0.35096,0.00973,0.05282,0,47.325,10911.6,0.121,8015.14,1.36013,38.548,0.49117,0,0,0.01349,0.45562,0.53089,0,0.22856,3e-05,0.00013,0.0495,0.91672,0.03363,0,0.14238,0,1e-05,0.04964,0.94641,0.00393,0
"85:1:1","Raddish","Raddish","Control",2022-02-16 11:55:33,975423,0.20449,0,0.00015,0.06335,0.9356,9e-04,0,62.536,71.195,104.612,0.00276,0.2242,0.74198,0.01346,0.0176,0,50.668,15597.9,0.173,12044.6,1.29283,57.374,0.64434,0,0,0.00356,0.11489,0.88155,0,0.08258,0,0.00016,0.30275,0.69052,0.00657,0,0.03974,0,1e-05,0.3029,0.69641,0.00068,0
"85:1:1","Raddish","Raddish","Control",2022-02-23 13:44:09,950046,0.24177,2e-05,0.00115,0.04002,0.95723,0.00158,0,65.597,72.415,102.173,0.00178,0.165,0.81333,0.00981,0.01008,0,49.244,14483.1,0.161,10964.6,1.32011,57.565,0.65068,0,0,0.00124,0.09067,0.90809,0,0.11927,3e-05,0.00012,0.11712,0.87275,0.00998,0,0.04879,0,0,0.11727,0.88263,1e-04,0
"85:1:1","Raddish","Raddish","Control",2022-03-02 13:15:40,1922390,0.25343,0,0.00176,0.0139,0.9839,0.00044,0,81.59,95.79,111.85,0.00024,0.05307,0.94,0.00422,0.00248,0,48.221,23561.6,0.262,17547.7,1.34096,34.385,0.69525,0,0,0.00023,0.03615,0.96362,0,0.06157,0,0,0.2462,0.74494,0.00886,0,0.02126,0,1e-05,0.24619,0.75377,3e-05,0
"85:1:1","Raddish","Raddish","Control",2022-03-09 09:19:07,2923780,0.25991,0,9e-05,0.00677,0.99251,0.00063,0,106.634,119.53,115.389,0.00015,0.02726,0.96701,0.0039,0.00169,0,44.916,27418.8,0.305,19348.3,1.41625,40.982,0.71332,0,0,7e-05,0.02705,0.97288,0,0.0434,0,0,0.37368,0.6251,0.00122,0,0.01324,0,0,0.37368,0.62632,0,0
"86:1:1","Raddish","Raddish","Control",2022-02-02 15:52:04,194542,-0.0404,1e-05,0.00222,0.65664,0.34112,1e-05,0,13.83,32.067,21.5916,0.02016,0.76752,0.03554,0.0056,0.17117,0,42.696,14066.7,0.156,9540.69,1.47466,8.711,0.25232,0,0,0.04981,0.91361,0.03658,0,0.27762,0,0,0.01562,0.9346,0.04978,0,0.24697,0,0,0.01562,0.97759,0.00679,0
"86:1:1","Raddish","Raddish","Control",2022-02-09 13:56:32,544749,0.0959,1e-05,0.00066,0.37506,0.62357,7e-04,0,48.609,55.358,54.449,0.00938,0.5697,0.35316,0.00462,0.06314,0,46.64,11206.8,0.125,8146.72,1.37539,43.281,0.41506,0,0,0.01425,0.60242,0.38333,0,0.24816,0,8e-05,0.01431,0.94909,0.03652,0,0.18399,0,1e-05,0.01438,0.97853,0.00708,0
"86:1:1","Raddish","Raddish","Control",2022-02-16 11:55:09,1167960,0.29311,2e-05,0.00041,0.02886,0.96954,0.00117,0,72.664,82.737,105.157,0.00131,0.07301,0.91171,0.00619,0.00778,0,51.502,16073.5,0.179,12560.2,1.27772,33.435,0.66783,0,0,0.00146,0.05136,0.94718,0,0.11822,1e-05,0.00034,0.04151,0.95371,0.00443,0,0.04328,0,3e-05,0.04183,0.95804,9e-05,0
"86:1:1","Raddish","Raddish","Control",2022-02-23 13:42:57,1183190,0.26758,1e-05,0.00035,0.03372,0.96189,0.00403,0,82.797,84.135,105.144,0.00141,0.09909,0.88142,0.00835,0.00974,0,50.913,14290.2,0.159,11088.6,1.28832,67.717,0.65989,0,0,0.00316,0.07133,0.9255,0,0.11038,3e-05,0.00024,0.09049,0.90162,0.00761,0,0.04045,0,7e-05,0.0907,0.90916,6e-05,1e-05
"86:1:1","Raddish","Raddish","Control",2022-03-02 13:11:25,1601270,0.30363,5e-05,0.00054,0.02337,0.96317,0.01288,0,88.726,95.035,106.483,0.00088,0.06376,0.9229,0.00621,0.00624,0,49.776,18047.4,0.201,13777.6,1.30969,26.485,0.69177,0,0,0.00139,0.05017,0.94844,0,0.11703,7e-05,0.00011,0.07162,0.92587,0.00232,0,0.03817,0,0,0.07181,0.92777,0.00037,6e-05
"86:1:1","Raddish","Raddish","Control",2022-03-09 09:14:07,2435210,0.30669,0,5e-05,0.00831,0.98908,0.00256,0,113.82,125.05,110.559,0.00039,0.02756,0.96768,0.00229,0.00208,0,51.291,21395.3,0.238,16676.5,1.28149,29.615,0.72139,0,0,0.00034,0.02367,0.97599,0,0.08757,1e-05,9e-05,0.16737,0.83179,0.00075,0,0.02589,0,0,0.16746,0.83228,0.00026,0
"87:1:1","Raddish","Raddish","Control",2022-02-02 16:00:38,205882,-0.03811,0,0.00185,0.65993,0.3382,2e-05,0,14.783,41.249,22.5717,0.02052,0.77426,0.0464,0.00428,0.15454,0,41.859,13926.5,0.155,9286.77,1.49852,10.345,0.26604,0,0,0.04046,0.91139,0.04816,0,0.29457,0,0,0.01248,0.92794,0.05958,0,0.25442,0,2e-05,0.01246,0.9795,0.00803,0
"87:1:1","Raddish","Raddish","Control",2022-02-09 14:01:40,662562,0.13585,0,0.00122,0.27998,0.71838,0.00042,0,55.684,62.144,67.2939,0.00826,0.49323,0.45117,0.00477,0.04257,0,48.261,11898.5,0.132,8870.17,1.34012,51.158,0.48446,0,0,0.00836,0.47932,0.51231,0,0.23275,2e-05,0.00021,0.02683,0.92592,0.04702,0,0.15269,0,0,0.02706,0.96981,0.00314,0
"87:1:1","Raddish","Raddish","Control",2022-02-16 12:00:40,1347230,0.26909,1e-05,6e-04,0.05184,0.94703,0.00052,0,70.993,79.74,101.372,0.00242,0.11598,0.86325,0.00409,0.01426,0,53.276,18976.9,0.211,15209.1,1.24761,48.216,0.63017,0,0,0.00116,0.09119,0.90765,0,0.12961,0,2e-05,0.02876,0.96471,0.00652,0,0.05501,0,4e-05,0.02874,0.97095,0.00026,2e-05
"87:1:1","Raddish","Raddish","Control",2022-02-23 13:53:24,1834410,0.27701,1e-05,0.00157,0.01221,0.986,0.00021,0,81.468,87.642,106.419,0.00025,0.03673,0.95889,0.00219,0.00194,0,47.114,22517,0.25,16492.9,1.36478,41.363,0.65178,0,0,0.00054,0.03293,0.96653,0,0.1108,0,0,0.04567,0.94696,0.00738,0,0.04047,0,0,0.04567,0.95433,0,0
"87:1:1","Raddish","Raddish","Control",2022-03-02 13:10:27,3277240,0.28564,0,0,0.00321,0.99616,0.00063,0,103.518,123.494,110.815,7e-05,0.0131,0.98522,0.00086,0.00075,0,53.699,31658.7,0.352,25497.9,1.2408,27.385,0.6953,0,1e-05,0.00026,0.0186,0.98113,0,0.07342,0,0,0.109,0.89058,0.00042,0,0.02377,1e-05,2e-05,0.10898,0.89095,3e-05,2e-05
"87:1:1","Raddish","Raddish","Control",2022-03-09 09:12:42,5548490,0.28713,0,0,0.00205,0.9975,0.00045,0,133.31,150.394,111.207,4e-05,0.01488,0.98349,0.00131,0.00029,0,50.679,41620.9,0.462,32193,1.29263,61.529,0.70482,0,0,2e-05,0.01732,0.98266,0,0.06984,0,0,0.12406,0.87547,0.00047,0,0.02148,0,1e-05,0.12405,0.87594,0,0
"88:1:1","Raddish","Raddish","Control",2022-02-02 15:44:01,139752,-0.04794,1e-05,0.00273,0.66639,0.33063,0.00025,0,10.559,40.406,20.9949,0.02311,0.77941,0.02515,0.0026,0.16973,0,43.198,13235.8,0.147,9062.29,1.46085,6.326,0.26384,0,0,0.03688,0.93365,0.02947,0,0.2935,0,0,0.00919,0.92773,0.06308,0,0.25562,0,2e-05,0.00918,0.9826,0.0082,0
"88:1:1","Raddish","Raddish","Control",2022-02-09 13:53:19,522155,0.15069,2e-05,0.00082,0.237,0.76043,0.00173,0,50.086,53.791,67.9436,0.00835,0.51361,0.42202,0.00531,0.05071,0,47.196,10425.1,0.116,7649.76,1.36296,46.823,0.49782,0,0,0.00765,0.44272,0.54963,0,0.23508,0,4e-05,0.02718,0.93939,0.03339,0,0.14355,0,0,0.02722,0.96864,0.00415,0
"88:1:1","Raddish","Raddish","Control",2022-02-16 11:54:45,1113590,0.2691,0,0.00026,0.0294,0.96937,0.00097,0,68.574,72.591,104.287,0.00124,0.0992,0.88768,0.00412,0.00776,0,50.237,16239.2,0.18,12462.1,1.30087,37.741,0.65793,0,0,0.00111,0.05994,0.93895,0,0.10973,2e-05,2e-04,0.06132,0.93259,0.00588,0,0.04359,0,0,0.06154,0.93782,0.00064,0
"88:1:1","Raddish","Raddish","Control",2022-02-23 13:44:34,989608,0.18033,0.00011,0.00524,0.11714,0.87396,0.00356,0,72.52,79.816,86.3882,0.00338,0.3856,0.58045,0.01046,0.02012,0,41.897,13646,0.152,9109.84,1.49743,67.913,0.599,0,0,0.00189,0.20611,0.792,0,0.18987,0.00012,4e-04,0.09057,0.83639,0.07252,0,0.08873,0,0,0.09109,0.90726,0.00165,0
"88:1:1","Raddish","Raddish","Control",2022-03-02 13:13:57,1258250,0.18568,1e-05,0.01058,0.08774,0.90062,0.00105,0,67.461,75.428,96.4271,0.00286,0.24511,0.72574,0.00914,0.01716,0,45.025,18651.5,0.207,13158.7,1.41356,61.29,0.6234,0,0,0.0015,0.14296,0.85555,0,0.13858,2e-05,0.00043,0.12394,0.82146,0.05415,0,0.06456,0,2e-05,0.12437,0.87334,0.00227,0
"89:1:1","Raddish","Raddish","Control",2022-02-02 15:51:20,157445,-0.0505,0,0.00222,0.6754,0.32236,2e-05,0,11.55,38.468,19.8998,0.02031,0.77034,0.02104,0.0056,0.1827,0,43.207,13631.2,0.151,9332.91,1.4606,7.407,0.23432,0,0,0.05925,0.92097,0.01978,0,0.26983,0,1e-05,0.01505,0.9414,0.04354,0,0.25028,1e-05,0.00013,0.01492,0.97718,0.00776,0
"89:1:1","Raddish","Raddish","Control",2022-02-09 13:50:46,602584,0.11181,1e-05,0.00098,0.2827,0.71587,0.00044,0,50.958,59.14,58.1825,0.00958,0.64165,0.2796,0.00912,0.06004,0,45.577,11825.1,0.131,8440.61,1.40015,48.299,0.45587,0,0,0.01673,0.50649,0.47678,0,0.25136,0,4e-05,0.03722,0.92563,0.0371,0,0.16051,0,3e-05,0.03724,0.95724,0.00549,0
"89:1:1","Raddish","Raddish","Control",2022-02-16 11:49:56,1102860,0.25432,0,0.00046,0.03214,0.96698,0.00043,0,74.208,82.348,105.632,0.00103,0.10693,0.87838,0.00506,0.0086,0,51.913,14861.7,0.165,11696.9,1.27052,37.66,0.63634,0,0,0.00359,0.07576,0.92066,0,0.09332,0,2e-05,0.0742,0.92085,0.00493,0,0.04097,0,0,0.07422,0.92562,0.00015,0
"89:1:1","Raddish","Raddish","Control",2022-02-23 13:42:32,1262020,0.26216,0,0.00014,0.02635,0.97309,0.00042,0,92.208,94.539,105.7,0.00113,0.072,0.91441,0.00582,0.00664,0,48.518,13686.6,0.152,10222.1,1.3348,29.403,0.65706,0,0,0.00052,0.05263,0.94685,0,0.10307,0,5e-05,0.07801,0.91673,0.00522,0,0.03928,0,0,0.07806,0.92186,9e-05,0
"89:1:1","Raddish","Raddish","Control",2022-03-02 13:13:32,1585330,0.27554,0,1e-05,0.01201,0.98767,0.00031,0,101.442,105.431,107.752,0.00022,0.03737,0.95764,0.00184,0.00293,0,47.993,15627.9,0.174,11616.2,1.34576,28.227,0.67567,0,1e-05,0.00075,0.03715,0.96209,0,0.09255,0,1e-05,0.09147,0.90614,0.00238,0,0.03291,1e-05,2e-05,0.09144,0.90839,0.00011,2e-05
"89:1:1","Raddish","Raddish","Control",2022-03-09 09:17:49,2564610,0.28014,6e-05,0.00022,0.00379,0.99562,0.00032,0,115.617,123.215,112.651,0.00018,0.01049,0.9858,0.00242,0.00111,0,51.4,22182,0.246,17324,1.27955,19.331,0.70951,0,0,0.00022,0.01364,0.98614,0,0.05979,4e-05,7e-05,0.20129,0.79803,0.00056,0,0.01898,0,0,0.2014,0.79859,0,0
"90:1:1","Raddish","Raddish","Control",2022-02-02 16:01:34,164090,-0.03876,5e-05,0.00351,0.65525,0.34044,0.00075,0,12.154,37.203,23.2786,0.01989,0.79094,0.04329,0.00615,0.13973,0,42.241,13501,0.15,9081.14,1.48751,9.149,0.28005,0,0,0.02991,0.92287,0.04722,0,0.31764,0,0,0.01327,0.9066,0.08013,0,0.26183,1e-05,0.00013,0.01313,0.97762,0.00912,0
"90:1:1","Raddish","Raddish","Control",2022-02-09 14:03:23,539225,0.1248,2e-05,0.00144,0.29027,0.70774,0.00054,0,48.349,53.562,63.5436,0.01036,0.53063,0.38985,0.00773,0.06143,0,46.343,11152.7,0.124,8069.93,1.38218,46.408,0.49391,0,0,0.01168,0.47945,0.50887,0,0.23289,0,2e-05,0.03413,0.92368,0.04216,0,0.1445,0,0,0.03415,0.96162,0.00422,0
"90:1:1","Raddish","Raddish","Control",2022-02-16 12:03:40,1579970,0.27946,2e-05,0.00044,0.04769,0.95007,0.00178,0,91.492,98.632,106.286,0.0022,0.09039,0.88246,0.01126,0.01368,0,49.303,17268.9,0.192,13071.5,1.31894,66.513,0.67321,0,0,0.0011,0.05963,0.93927,0,0.10486,2e-05,3e-04,0.11013,0.88546,0.00409,0,0.03969,0,0,0.11045,0.88932,0.00023,0
"90:1:1","Raddish","Raddish","Control",2022-02-23 13:52:34,1347090,0.26937,2e-05,0.00023,0.03415,0.96491,0.00069,0,89.507,99.109,102.726,0.00156,0.13163,0.84956,0.00724,0.01002,0,47.207,15050,0.167,10985.9,1.36272,53.044,0.64192,0,0,0.00254,0.15668,0.84078,0,0.12094,1e-05,0.00013,0.08713,0.90993,0.00281,0,0.0537,0,0,0.08727,0.91194,0.00079,0
"91:1:1","Raddish","Raddish","Control",2022-02-02 15:45:07,177380,-0.0383,0,0.00188,0.65373,0.34377,0.00062,0,14.102,44.156,21.7719,0.02044,0.75075,0.04432,0.0073,0.1772,0,42.794,12578.7,0.14,8547.45,1.47192,9.7,0.25643,0,0,0.0496,0.90744,0.04296,0,0.27315,0,0,0.01686,0.94038,0.04276,0,0.24429,0,0.00014,0.01672,0.97602,0.00711,0
"91:1:1","Raddish","Raddish","Control",2022-02-09 13:53:44,596338,0.14797,0,0.00071,0.2396,0.75835,0.00134,0,51.667,55.144,69.9566,0.00827,0.47558,0.45931,0.00846,0.04837,0,49.926,11541.9,0.128,8825.28,1.3068,47.856,0.48758,0,0,0.01468,0.44168,0.54364,0,0.22001,0,0,0.02445,0.94254,0.03301,0,0.13709,0,1e-04,0.02436,0.97123,0.00431,0
"91:1:1","Raddish","Raddish","Control",2022-02-16 11:51:59,995197,0.22204,2e-05,0.00038,0.05935,0.93952,0.00073,0,75.283,78.924,101.489,0.00237,0.19584,0.77317,0.01084,0.01778,0,48.945,13219.5,0.147,9958.25,1.3261,68.674,0.62387,0,0,0.00297,0.11584,0.88119,0,0.10596,1e-05,0.00013,0.11135,0.87722,0.01129,0,0.04784,0,0.00015,0.11135,0.88811,0.00039,0
"91:1:1","Raddish","Raddish","Control",2022-02-23 13:43:21,1101250,0.25039,0,0.00534,0.0564,0.93733,0.00093,0,82.093,84.893,98.4795,0.0019,0.16574,0.8101,0.00695,0.01531,0,47.362,13414.6,0.149,9845.77,1.35932,59.741,0.62278,0,0,0.00254,0.12038,0.87708,0,0.15835,4e-05,0.00011,0.04381,0.9278,0.02823,0,0.06558,0,0,0.04396,0.95504,0.001,0
"91:1:1","Raddish","Raddish","Control",2022-03-02 13:14:49,1996350,0.29714,0,0,0.01189,0.98706,0.00105,0,102.743,110.617,109.11,0.00015,0.03147,0.96343,0.00238,0.00258,0,50.288,19430.6,0.216,14951.8,1.29992,25.092,0.70407,0,0,0.00074,0.02706,0.9722,0,0.09226,0,0,0.09993,0.89844,0.00163,0,0.0299,0,1e-05,0.09993,0.89946,0.00059,2e-05
"91:1:1","Raddish","Raddish","Control",2022-03-09 09:20:39,2725840,0.2826,0,0,0.00976,0.98939,0.00085,0,121.58,132.451,112.104,0.00029,0.03002,0.96368,0.0029,0.00311,0,48.491,22420.1,0.249,16788.4,1.33535,43.586,0.71607,0,0,0.00033,0.02568,0.97399,0,0.0639,0,0,0.23511,0.76471,0.00019,0,0.02091,0,0,0.2351,0.76489,0,0
"92:1:1","Raddish","Raddish","Control",2022-02-02 15:50:27,155441,-0.04343,0,0.00215,0.66006,0.33776,3e-05,0,11.721,33.622,20.4072,0.02022,0.74892,0.03151,0.00631,0.19304,0,42.616,13261.2,0.147,8981.86,1.47689,9.282,0.23187,0,0,0.05949,0.91067,0.02983,0,0.25182,0,0,0.01856,0.9476,0.03384,0,0.23942,0,2e-05,0.01854,0.97601,0.00543,0
"92:1:1","Raddish","Raddish","Control",2022-02-09 13:52:51,466846,0.15561,0,0.00064,0.23454,0.76389,0.00093,0,46.092,50.325,66.5749,0.00907,0.53436,0.38718,0.01051,0.05889,0,45.791,10128.6,0.113,7263.39,1.39505,43.502,0.48351,0,0,0.01529,0.43954,0.54518,0,0.24528,0,1e-05,0.03744,0.9339,0.02865,0,0.14372,0,2e-05,0.03744,0.95946,0.00309,0
"92:1:1","Raddish","Raddish","Control",2022-02-16 11:52:58,989124,0.25981,0,0.00017,0.05373,0.94512,0.00098,0,74.845,79.628,99.5254,0.0018,0.18566,0.79471,0.00541,0.01242,0,46.52,13215.6,0.147,9580.28,1.37812,68.262,0.63632,0,0,0.00481,0.11122,0.88397,0,0.13408,0,3e-05,0.04311,0.94436,0.01249,0,0.05845,0,7e-05,0.04308,0.95609,0.00076,0
"92:1:1","Raddish","Raddish","Control",2022-02-23 13:46:38,1281230,0.29428,0,0.00019,0.02146,0.97772,0.00063,0,80.372,82.973,101.211,0.00091,0.10171,0.89014,0.00208,0.00515,0,48.937,15941.3,0.177,12012.2,1.32626,22.361,0.64356,0,0,0.00145,0.07748,0.92107,0,0.15395,0,6e-05,0.01585,0.9756,0.00849,0,0.05987,0,0,0.0159,0.98334,0.00076,0
"92:1:1","Raddish","Raddish","Control",2022-03-02 13:12:15,1846160,0.29317,1e-05,0.00111,0.02006,0.97819,0.00064,0,88.834,98.173,104.498,7e-04,0.05874,0.93229,0.00301,0.00525,0,47.839,20782,0.231,15377.6,1.34903,22.681,0.67498,0,0,0.00218,0.04304,0.95479,0,0.128,0,2e-05,0.02969,0.96161,0.00868,0,0.04473,0,0,0.02971,0.97005,0.00024,0
"92:1:1","Raddish","Raddish","Control",2022-03-09 09:19:58,2523910,0.26812,0,0.00134,0.00556,0.99307,2e-05,0,104.088,120.022,109.374,0.00019,0.04456,0.95256,0.00129,0.00139,0,46.885,24247.8,0.269,17689.8,1.36987,21.097,0.68312,0,0,0.00046,0.0328,0.96674,0,0.08182,2e-05,2e-05,0.16152,0.83465,0.00379,0,0.02974,0,0,0.16156,0.83843,1e-05,0
"93:1:1","Raddish","Raddish","Control",2022-02-02 16:08:58,193332,-0.05094,5e-05,0.00204,0.68277,0.31514,0,0,13.794,39.604,19.6697,0.02112,0.76348,0.02296,0.00437,0.18807,0,41.152,14015.3,0.156,9222.73,1.51956,8.63,0.24083,0,0,0.04836,0.9275,0.02414,0,0.26843,0,0,0.0144,0.94088,0.04472,0,0.2474,0,0,0.0144,0.9792,0.0064,0
"93:1:1","Raddish","Raddish","Control",2022-02-09 13:59:58,568551,0.08726,1e-05,0.00085,0.33989,0.65893,0.00033,0,46.449,63.679,52.0205,0.00916,0.66965,0.25652,0.0036,0.06107,0,44.91,12240.3,0.136,8632.68,1.41641,42.621,0.40289,0,0,0.01231,0.65882,0.32886,0,0.26676,0,1e-05,0.01564,0.94358,0.04077,0,0.19438,0,1e-05,0.01564,0.97686,0.00749,0
"93:1:1","Raddish","Raddish","Control",2022-02-16 12:02:50,1426540,0.30006,2e-05,6e-05,0.01186,0.98659,0.00147,0,82.073,87.699,107.058,0.00054,0.035,0.95778,0.00359,0.00309,0,54.047,17381.4,0.193,14053.6,1.23532,24.491,0.66113,0,0,0.00149,0.02899,0.96952,0,0.10903,1e-05,7e-05,0.03456,0.96359,0.00177,0,0.03884,0,1e-05,0.03464,0.96532,3e-05,0
"93:1:1","Raddish","Raddish","Control",2022-02-23 13:52:59,1716930,0.29855,0,0.00025,0.00826,0.99093,0.00056,0,86.254,91.111,104.032,0.00027,0.06561,0.93066,0.00163,0.00184,0,48.888,19905.4,0.221,14965.8,1.32724,33.927,0.64003,0,0,0.00098,0.06202,0.93701,0,0.13933,0,4e-05,0.02279,0.97188,0.00529,0,0.0531,0,0,0.02283,0.97716,1e-05,0
"93:1:1","Raddish","Raddish","Control",2022-03-02 13:06:59,2732840,0.26375,0,0.00022,0.01035,0.98894,0.00048,0,99.58,104.999,110.297,0.00015,0.03547,0.96121,0.00213,0.00104,0,50.017,27443.8,0.305,21010.8,1.30507,25.483,0.68133,0,0,3e-05,0.02331,0.97666,0,0.07769,2e-05,4e-05,0.14901,0.84277,0.00816,0,0.02434,1e-05,5e-05,0.14901,0.85093,0,0
"93:1:1","Raddish","Raddish","Control",2022-03-09 09:15:20,4332160,0.26506,1e-05,0.00025,0.00332,0.99611,0.00031,0,127.008,132.897,113.041,6e-05,0.01962,0.978,0.00142,0.00089,0,50.288,34109.2,0.379,26235.7,1.29993,35.815,0.69813,0,0,0.00015,0.01507,0.98478,0,0.05432,0,0,0.2321,0.7668,0.0011,0,0.01739,0,1e-05,0.23209,0.76789,1e-05,0
"94:1:1","Raddish","Raddish","Control",2022-02-02 15:46:59,209422,-0.03432,1e-05,0.00214,0.64843,0.34936,7e-05,0,15.154,44.523,22.636,0.02042,0.75473,0.05076,0.00487,0.16922,0,44.424,13819.9,0.154,9670.2,1.42862,7.758,0.26073,0,0,0.04575,0.90181,0.05245,0,0.27525,0,0,0.01427,0.94074,0.045,0,0.24304,0,0,0.01427,0.98034,0.00536,3e-05
"94:1:1","Raddish","Raddish","Control",2022-02-09 13:54:08,687218,0.17451,0,0.00049,0.19918,0.79956,0.00078,0,54.665,59.766,74.797,0.00541,0.46452,0.49642,0.00343,0.03021,0,48.957,12571.5,0.14,9470.2,1.32586,47.58,0.51846,0,0,0.01071,0.39322,0.59607,0,0.21816,0,1e-05,0.02968,0.93801,0.0323,0,0.13257,0,0,0.02969,0.96753,0.00277,0
"94:1:1","Raddish","Raddish","Control",2022-02-16 11:53:25,1401360,0.31214,1e-05,0.00038,0.05267,0.91427,0.03268,0,65.722,75.956,96.2744,0.00233,0.17672,0.79915,0.00869,0.01311,0,48.038,21322.3,0.237,15833.5,1.3448,56.221,0.63998,0,0,0.0029,0.10493,0.89217,0,0.21104,0,0.00011,0.03944,0.95045,0.01,0,0.07668,0,1e-05,0.03954,0.95978,0.00067,0
"95:1:1","Raddish","Raddish","Control",2022-02-02 15:49:33,162125,-0.045,2e-05,0.00201,0.67043,0.32609,0.00145,0,12.336,25.698,20.653,0.01981,0.77754,0.02503,0.00396,0.17366,0,41.389,13142.5,0.146,8680.54,1.51244,9.152,0.24141,0,0,0.04878,0.92582,0.0254,0,0.2759,0,0,0.01423,0.93806,0.04771,0,0.25258,0,1e-05,0.01422,0.97598,0.00979,0
"95:1:1","Raddish","Raddish","Control",2022-02-09 13:51:10,458972,0.04737,0,0.00128,0.45051,0.54789,0.00031,0,39.976,45.263,40.739,0.01315,0.69589,0.19365,0.00303,0.09428,0,44.938,11481.1,0.128,8117.57,1.4157,37.916,0.34493,0,0,0.02864,0.74611,0.22525,0,0.27699,0,0,0.01126,0.94206,0.04667,0,0.21986,0,0,0.01126,0.97894,0.0098,0
"95:1:1","Raddish","Raddish","Control",2022-02-16 11:50:27,941619,0.23968,1e-05,0.00023,0.04617,0.94878,0.00481,0,59.149,66.194,107.306,0.00201,0.1162,0.85721,0.01018,0.0144,0,52.389,15919.5,0.177,12620.6,1.26233,51.962,0.64193,0,0,0.00223,0.07294,0.92483,0,0.08127,3e-05,0.00037,0.15509,0.83842,0.0061,0,0.03514,0,0,0.15549,0.84317,0.00134,0
"95:1:1","Raddish","Raddish","Control",2022-02-23 13:46:13,1656000,0.30256,1e-05,0.00064,0.01173,0.98717,0.00046,0,77.638,84.887,102.646,0.00043,0.06147,0.93468,0.00108,0.00234,0,52.996,21329.9,0.237,16991.8,1.25218,30.535,0.63817,0,0,0.00174,0.04441,0.95385,0,0.15003,0,1e-05,0.01025,0.98374,0.00601,0,0.05639,0,0,0.01026,0.9896,0.00015,0
"95:1:1","Raddish","Raddish","Control",2022-03-02 13:13:06,2497900,0.29033,2e-05,1e-04,0.00631,0.99295,0.00062,0,96.752,103.543,108.806,0.00025,0.02254,0.97313,0.00198,0.0021,0,49.719,25817.6,0.287,19663.9,1.3108,28.751,0.68339,0,0,9e-05,0.01948,0.98043,0,0.09318,0,1e-04,0.06862,0.92885,0.00243,0,0.02983,0,3e-05,0.0687,0.93128,0,0
"95:1:1","Raddish","Raddish","Control",2022-03-09 09:18:17,3034370,0.2367,1e-05,0.00016,0.01758,0.9822,6e-05,0,109.591,119.72,114.35,0.00048,0.04627,0.94549,0.0039,0.00386,0,47.106,27688.1,0.308,20231.9,1.36495,37.563,0.68834,0,0,0.00057,0.04299,0.95645,0,0.03773,0,2e-05,0.35854,0.63973,0.00171,0,0.0156,0,0,0.35856,0.64143,2e-05,0
"96:1:1","Raddish","Raddish","Control",2022-02-02 16:10:06,170384,-0.04436,3e-05,0.00312,0.66567,0.33111,7e-05,0,13.153,33.238,21.3597,0.0212,0.76965,0.03561,0.00605,0.16749,0,42.241,12954.4,0.144,8714.21,1.48749,10.111,0.25533,0,0,0.05079,0.91294,0.03626,0,0.2908,0,0,0.01745,0.91776,0.06479,0,0.25425,0,2e-05,0.01743,0.97467,0.00788,0
"96:1:1","Raddish","Raddish","Control",2022-02-09 13:58:47,496166,0.12878,1e-05,0.00106,0.2872,0.71132,0.00041,0,45.237,48.855,62.4045,0.0104,0.53184,0.38709,0.00532,0.06535,0,46.958,10968,0.122,8027.71,1.36823,42.315,0.45678,0,0,0.01656,0.51875,0.46469,0,0.2349,0,2e-05,0.02115,0.9461,0.03272,0,0.15686,0,0,0.02118,0.97268,0.00615,0
"96:1:1","Raddish","Raddish","Control",2022-02-16 11:58:35,1012970,0.24533,0,0.00037,0.06801,0.93086,0.00077,0,71.09,73.659,98.2456,0.0036,0.16962,0.79773,0.00869,0.02035,0,47.887,14249.1,0.158,10573.5,1.34801,65.659,0.6059,0,0,0.00395,0.1087,0.88735,0,0.13277,0,0.00023,0.0491,0.94616,0.00451,0,0.06032,0,0,0.04933,0.95011,0.00055,0
"96:1:1","Raddish","Raddish","Control",2022-02-23 13:54:14,1212810,0.25786,0,0.00085,0.03104,0.9678,0.00032,0,86.965,90.716,104.289,0.00162,0.09517,0.88846,0.00524,0.00952,0,44.888,13945.9,0.155,9833.5,1.41695,67.229,0.63608,0,0,0.00357,0.07095,0.92548,0,0.11292,0,0.00011,0.08648,0.90768,0.00573,0,0.04769,0,0,0.08658,0.91309,0.00033,0
"96:1:1","Raddish","Raddish","Control",2022-03-02 13:07:26,1861780,0.27868,0,0.00036,0.014,0.9854,0.00024,0,89.188,97.172,108.169,0.00046,0.03922,0.95413,0.00246,0.00374,0,45.482,20874.7,0.232,14863.1,1.40243,35.723,0.68194,0,0,0.00027,0.03549,0.96424,0,0.08814,0,0,0.06752,0.92854,0.00394,0,0.03084,0,0,0.06752,0.93239,9e-05,0
"96:1:1","Raddish","Raddish","Control",2022-03-09 09:15:46,2580900,0.27423,0,5e-05,0.01023,0.98857,0.00114,0,99.544,104.512,110.538,0.00051,0.03968,0.95366,0.00314,0.003,0,45.992,25927.1,0.288,18592.6,1.39031,45.132,0.6879,0,0,0.00056,0.02724,0.9722,0,0.07541,0,0,0.19795,0.80087,0.00117,0,0.0267,0,0,0.19796,0.80202,2e-05,0
"97:1:1","Raddish","Raddish","Control",2022-02-02 15:47:58,187735,-0.03892,1e-05,0.00202,0.65641,0.34131,0.00026,0,13.718,42.656,21.2652,0.02046,0.75294,0.03759,0.00495,0.18407,0,43.154,13685.4,0.152,9372.02,1.46204,8.287,0.24188,0,0,0.05464,0.90691,0.03845,0,0.26116,0,0,0.01499,0.94644,0.03857,0,0.24205,0,4e-05,0.01496,0.97828,0.00672,0
"97:1:1","Raddish","Raddish","Control",2022-02-09 13:56:08,597855,0.124,0,0.00031,0.29148,0.70762,0.00059,0,49.886,55.108,61.8558,0.0073,0.55678,0.38286,0.00452,0.04855,0,47.167,11984.5,0.133,8785.63,1.3636,44.949,0.44351,0,0,0.01234,0.56441,0.42325,0,0.24119,0,0,0.01863,0.94306,0.03831,0,0.17123,0,2e-05,0.01861,0.97333,0.00804,0
"97:1:1","Raddish","Raddish","Control",2022-02-16 11:55:59,1104170,0.25226,1e-05,0.00055,0.06249,0.93667,0.00028,0,70.536,80.386,101.509,0.00215,0.1685,0.80735,0.00799,0.01402,0,51.075,15654.1,0.174,12175.9,1.28537,62.141,0.63739,0,0,0.00209,0.11396,0.88395,0,0.11647,1e-05,9e-05,0.06306,0.92887,0.00798,0,0.05215,0,0,0.06315,0.93599,0.00086,0
"97:1:1","Raddish","Raddish","Control",2022-02-23 13:43:45,1416330,0.29422,0,0.00104,0.01995,0.97863,0.00039,0,78.817,85.105,103.677,0.00065,0.0754,0.9164,0.00206,0.0055,0,50.072,17969.9,0.2,13760,1.30401,41.6,0.66355,0,0,0.00078,0.05054,0.94868,0,0.13749,0,0,0.03168,0.96082,0.00749,0,0.04886,0,0,0.03168,0.96826,5e-05,0
"97:1:1","Raddish","Raddish","Control",2022-03-02 13:16:05,2251990,0.29058,0,0.00052,0.0108,0.98833,0.00035,0,93.621,107.93,109.02,0.00032,0.03577,0.95668,0.00353,0.0037,0,50.08,24054.4,0.267,18429.9,1.30386,27.948,0.69703,0,0,0.00101,0.02661,0.97238,0,0.09022,0,1e-05,0.09507,0.9025,0.00242,0,0.02865,0,0,0.09509,0.90483,8e-05,0
"97:1:1","Raddish","Raddish","Control",2022-03-09 09:18:42,3337010,0.26276,0,0,0.00326,0.99667,7e-05,0,119.562,133.625,114.993,7e-05,0.01434,0.98195,0.00285,0.00079,0,48.555,27910.4,0.31,20921.3,1.33403,45.738,0.70897,0,0,0,0.01735,0.98265,0,0.03932,0,0,0.30344,0.69655,1e-05,0,0.01217,0,0,0.30344,0.69656,0,0
"98:1:1","Raddish","Raddish","Control",2022-02-02 15:48:47,199659,-0.04245,3e-05,0.00253,0.65932,0.33795,0.00017,0,13.886,38.311,21.037,0.02127,0.75781,0.03434,0.00566,0.18092,0,42.548,14378.2,0.16,9723.02,1.4788,8.925,0.24945,0,0,0.05208,0.9126,0.03531,0,0.27141,0,0,0.0167,0.93678,0.04651,0,0.24487,0,0,0.0167,0.97629,0.00701,0
"98:1:1","Raddish","Raddish","Control",2022-02-09 13:54:57,599330,0.14334,0,0.00072,0.22601,0.7711,0.00217,0,49.97,53.325,69.8805,0.00685,0.52474,0.41865,0.00761,0.04214,0,46.181,11993.7,0.133,8646.66,1.3859,46.468,0.50629,0,0,0.00988,0.42138,0.56874,0,0.22052,1e-05,7e-05,0.03795,0.9251,0.03687,0,0.1351,0,0,0.03803,0.95849,0.00349,0
"98:1:1","Raddish","Raddish","Control",2022-02-16 11:54:19,1336780,0.25137,2e-05,0.00021,0.03616,0.96315,0.00046,0,79.831,84.626,103.42,0.00138,0.12142,0.85716,0.00937,0.01067,0,50.205,16745.1,0.186,12843.5,1.30149,63.514,0.62924,0,0,0.00358,0.07626,0.92016,0,0.1072,2e-05,0.00016,0.05517,0.94028,0.00437,0,0.04675,0,0,0.05535,0.94436,0.00029,0
"98:1:1","Raddish","Raddish","Control",2022-02-23 13:45:49,969336,0.19581,1e-05,0.00941,0.06417,0.9254,0.00101,0,67.298,73.795,92.9139,0.00262,0.26729,0.7038,0.00947,0.01683,0,46.848,14403.6,0.16,10495.5,1.3707,60.913,0.57111,0,0,0.00308,0.1767,0.82022,0,0.16757,0,4e-05,0.08528,0.87946,0.03521,0,0.07748,0,1e-05,0.08532,0.91416,0.00051,0
"98:1:1","Raddish","Raddish","Control",2022-03-02 13:11:50,1672970,0.21528,4e-05,0.00168,0.01896,0.97922,9e-05,0,90.983,97.501,107.559,0.00079,0.09603,0.89508,0.00242,0.00567,0,47.131,18387.7,0.204,13424.5,1.36439,43.828,0.62924,0,0,0.00101,0.08481,0.91418,0,0.07637,0,0,0.20679,0.78716,0.00605,0,0.03657,0,1e-05,0.20678,0.7931,0.00011,0
"98:1:1","Raddish","Raddish","Control",2022-03-09 09:17:25,2094110,0.20947,0,0.00037,0.00958,0.99004,1e-05,0,94.167,103.338,115.733,0.00026,0.03955,0.95453,0.0034,0.00226,0,49.186,22238.2,0.247,16816,1.32126,24.107,0.66636,0,0,0.00031,0.0389,0.96079,0,0.03388,0,0,0.41898,0.57782,0.0032,0,0.01342,0,0,0.41898,0.58102,0,0
"99:1:1","Raddish","Raddish","Control",2022-02-02 16:11:02,139815,-0.04529,0,0.00194,0.66708,0.33095,3e-05,0,11.736,21.872,20.4954,0.01852,0.77216,0.02444,0.00531,0.17957,0,41.594,11913.4,0.132,7904.93,1.50634,10.296,0.23515,0,0,0.06298,0.91222,0.0248,0,0.26922,0,0,0.01534,0.93561,0.04905,0,0.24846,0,0,0.01534,0.97634,0.00833,0
"99:1:1","Raddish","Raddish","Control",2022-02-09 13:56:56,460454,0.1006,0,0.00076,0.34211,0.65615,0.00097,0,44.547,53.168,52.9345,0.0093,0.64166,0.28366,0.00572,0.05966,0,45.069,10336.3,0.115,7323.41,1.41248,42.494,0.42335,0,0,0.01903,0.61794,0.36303,0,0.2672,0,1e-05,0.0216,0.93847,0.03992,0,0.18767,0,0,0.02161,0.96918,0.00921,0
"99:1:1","Raddish","Raddish","Control",2022-02-16 11:59:00,1090960,0.26672,1e-05,0.00016,0.0649,0.93311,0.00182,0,75.58,80.091,101.218,0.00244,0.15701,0.81945,0.00621,0.0149,0,46.881,14434.5,0.16,10528.8,1.36996,68.129,0.65018,0,0,0.00348,0.10331,0.89321,0,0.12368,0,0.00014,0.06489,0.92597,0.00899,0,0.05595,0,0,0.06503,0.93323,0.00174,0
"99:1:1","Raddish","Raddish","Control",2022-02-23 13:52:08,1644470,0.31886,2e-05,0.00255,0.02417,0.97064,0.00261,0,86.467,89.092,102.257,0.00108,0.07147,0.9174,0.00216,0.00789,0,48.662,19018.5,0.211,14238.9,1.33184,26.137,0.66465,0,0,0.00271,0.04882,0.94847,0,0.15821,0,5e-05,0.01537,0.97673,0.00784,0,0.05616,0,0,0.01543,0.98415,0.00042,0
"99:1:1","Raddish","Raddish","Control",2022-03-02 13:08:18,2316540,0.30639,1e-05,0.00017,0.02484,0.97346,0.00153,0,103.64,108.253,106.337,0.00113,0.05998,0.9264,0.00423,0.00825,0,47.521,22351.7,0.248,16472.6,1.35585,26.556,0.70364,0,0,0.00173,0.04501,0.95326,0,0.10911,2e-05,0.00014,0.04132,0.95713,0.00139,0,0.03718,0,0,0.04148,0.95768,0.00084,0
"99:1:1","Raddish","Raddish","Control",2022-03-09 09:16:12,3185300,0.30221,0,4e-05,0.00686,0.99276,0.00034,0,124.894,128.811,110.636,0.00022,0.01891,0.97692,0.00191,0.00204,0,48.716,25504,0.283,19146.1,1.33073,39.925,0.71571,0,0,0.00029,0.01928,0.98042,0,0.07581,0,1e-05,0.08377,0.91603,0.00018,0,0.02372,0,0,0.08378,0.91621,1e-05,0
